Atomic Coffee,Food/Cafe
Avondale Colleg,Education
Riru Fanshawe,Food/Cafe
2Degrees Mobile,Phone
Auckland Transport,Transport/Public
New World,Food/Groceries
Woolworths,Food/Groceries
Air New Zand,Holiday/Aeroplane
Aucklandtransportparki,Transport/Parking
Bakers Delight,Food/Groceries
Bargin Chemist,Health/Chemist
Bp Connect,Transport/Petrol
Briscoes,Household/Misc
Bunnings,Household/Misc
Burger King,Food/Takeaways
Costco,Food/Groceries
Ezypay *Flexfitness,Health/Gym
Foot Locker,Clothing
Fruit World,Food/Groceries
Kfc,Food/Takeaways
Kmart,Household/Misc
Maritime Carpark,Transport/Parking
Mcdonalds,Food/Takeaways
Mitre 10,Household/Misc
Netflix,Entertainment
Orconinternet,Household/Utilities
Paypal *Signal,Charity/International
Paypal *Wikipedia,Charity/International
Pgg Wrightson,Clothing
Pink Bin,Household/Maintenance
Pizza Hut,Food/Takeaways
Platypus,Clothing
Poke House,Food/Cafe
Raspberry Pi Cambridge,Charity/International
Skinny Mobile,Phone
Sp Mr. Henry Cherries,Food/Groceries
Sp Online Vet Store,Pets/Food
Sp Pimoroni Ltd London,Hobby
Spotlight,Hobby
The Push-Up Challenge,Charity/Local
Warehouse Stationery,Education
Waterview Coffee,Food/Cafe
Wendys,Food/Takeaways
