/prusa london,Personal/Hobby
2degrees mobile,Personal/Phone
5max westgate auckland nz,House/Misc
aa driver training auckland nz,Transport/Car
aa insurance auckland nz,Insurance
aa lynnmall new lynn nz,Transport/Car
account fee,Misc
acquisitions lynnmall auckland nz,Personal/Gifts
actionzone,Entertainment
adidas new zealand ltd auckland nz,Personal/Clothing
air new z0864110982301 auckland nz,Holiday
air new zand,Holiday
akl airport parking,Transport/Parking
akl council,House/Misc
akld transport parking auckland nz,Transport/Parking
aliexpress london gb,Personal/Hobby
amazon au sydney south au,Personal/Hobby
amazon marketplace,Personal/Hobby
amazon mktpl,Misc
angels spices,Food/Groceries
angkor bakery auckland nz,Food/Bakery
animal register wellington nz,Pets
animates new lynn new lynn nz,Pets
anz st lukes,Misc
apiculture new zealand,Pets
arada promotions,Entertainment
arbung thai street foo auckland cent nz,Food/Takeaways
arthurs emporium whangarei nz,House/Misc
at hop auckland auckland nz,Transport/Public
at public transport,Transport/Public
atomic coffee,Food/Cafe
auckland council onlin auckland nz,House/Misc
auckland hospital car,Transport/Parking
auckland transport,Transport/Public
aucklandbeekeepersclub,Personal/Hobby
aucklandtransportparki,Transport/Parking
aussie butcher,Food/Groceries
avondale colleg,Education
avondale dental,Personal/Dentist
avondale health centre,Health/Doctor
avondale supervalue avondale nz,Food/Dairy
bakers delight,Food/Groceries
bargain chemist,Health/Chemist
bbb lynnmall auckland nz,House/Misc
bch westgate auckland nz,Health/Chemist
bfc chicken,Food/Takeaways
bien sushi auckland nz,Food/Restauraunt
bird barn auckland nz,Pets
blockhouse bay vet,Pets/Vet
bodrum kitchen auckland nz,Food/Restauraunt
bolliwood xpress auckland nz,Food/Takeaways
bolt.eu,Transport/Rideshare
bookabach,Holiday
booktopia st peters au,Personal/Hobby
boracay garden restaur auckland nz,Food/Restauraunt
bp connect,Transport/Petrol
briscoes,House/Misc
browne st auckland nz,Food/Cafe
bunnings,House/Misc
buns & rolls auckland nz,Food/Bakery
burchies fried chick,Food/Takeaways
burger king,Food/Takeaways
burgerfuel,Food/Takeaways
chemist warehouse,Health/Chemist
city chic northwest westgate nz,Personal/Clothing
costco,Food/Groceries
cotton on,Personal/Clothing
crackerjack,Personal/Gifts
daiso japan auckland nz,Personal/Gifts
daruma ramen auckland nz,Food/Takeaways
dbs*flex fitness,Personal/Gym
de'niro restaurant auckland nz,Food/Restauraunt
devonport op shop auckland nz,Personal/Clothing
dominos point chev pt chevalier nz,Food/Takeaways
downlow burgers,Food/Takeaways
downtown car park auckland nz,Transport/Parking
duck island ice crea auckland nz,Food/Takeaways
dunkin donuts,Food/Takeaways
ecostore,Food/Groceries
eden tyres and mags li mount eden nz,Transport/Car
euro deli auckland nz,Food/Cafe
event cinemas,Entertainment
event cinemas st lukes mt albert nz,Entertainment
ezypay *flexfitness,Personal/Gym
ezypay ezypay*flex fit,Personal/Gym
fantasy korean bbq auckland nz,Food/Restauraunt
farmers,Personal/Clothing
farro fresh,Food/Groceries
flip! whangarei nz,Entertainment
foodie asian supermark,Food/Groceries
foot locker,Personal/Clothing
four square,Food/Groceries
four square rodney wellsford nz,Food/Dairy
fresh sushi whangarei nz,Food/Takeaways
fresh sushi whangarei nz,Food/Takeaways
fresha auckland nz,Personal/Haircuts
fruit world,Food/Groceries
gas te hana,Transport/Petrol
glassons,Personal/Clothing
gong cha st lukes auckland nz,Food/Cafe
goode brothers,Food/Restauraunt
goodstuff auckland nz,Personal/Clothing
google youtubepremium auckland nz,Entertainment
green jade takeaways auckland nz,Food/Takeaways
h&m commercial bay auckland nz,House/Misc
hallensteins,Personal/Clothing
hansan lynnmall auckland nz,Food/Takeaways
happy takeaways auckland nz,Food/Takeaways
health new zealand,Health
hello mister wynyard q auckland nz,Food/Cafe
hiso auckland nz,Entertainment
hobbs gifts& homewares wellsford nz,Personal/Gifts
ikea auckland nz,House/Misc
ikea restaurant auckland nz,Food/Restauraunt
interest,Misc
japan mart,Food/Groceries
jay jays,Personal/Clothing
joint/additional account fee,Misc
juicy nz,Food/Groceries
just cuts,Personal/Haircuts
k chicken auckland nz,Food/Takeaways
kaiwaka st johns kaiwaka nz,Personal/Clothing
kebab king auckland nz,Food/Takeaways
kfc,Food/Takeaways
kickstarter.com,Personal/Hobby
kings plant barn st lu mt albert nz,House/Plants
kiwi artisan wanaka nz,Personal/Gifts
kiwi kebab,Food/Takeaways
kiwiyo mission bay auckland nz,Food/Takeaways
kmart,House/Misc
krispy kreme,Food/Takeaways
kumeu fresh,Food/Groceries
l'authentique auckland nz,Food/Groceries
lawn cafe auckland nz,Food/Cafe
lawn cafe auckland nz,Food/Cafe
lepak auckland nz,Food/Takeaways
life pharmacy st lukes st lukes nz,Health/Chemist
lime*2 rides,Transport/Scooters
lime*pass,Transport/Scooters
lime*payoff,Transport/Scooters
linkedinpre,Misc
liquor centre - pt che auckland nz,Food/Groceries
local butcher,Food/Groceries
look sharp st lukes auckland nz,Personal/Haircuts
lovisa lynmall auckland nz,Personal/Gifts
lovisa st lukes auckland nz,Personal/Gifts
lucky chopstick,Food/Takeaways
lucky table 13,Food/Cafe
lush queen street auckland nz,Personal/Gifts
magness benrow auckland nz,House/Misc
maki mono,Food/Takeaways
maritime carpark,Transport/Parking
martha's backyard glen innes nz,Food/Groceries
matsu sushi lynnmall auckland nz,Food/Takeaways
mcdonald,Food/Takeaways
mcdonalds,Food/Takeaways
mercy hospice auckland auckland nz,Charity/Local
mezze bar auckland nz,Food/Restauraunt
mirrou st lukes auckland nz,Personal/Clothing
mitre 10,House/Misc
mobil,Transport/Petrol
mobil pt chevalier auckland nz,Transport/Petrol
mobil wellsford wellsford nz,Transport/Petrol
monthly a c fee,Bank/Fee
mphs community trust auckland nz,Personal/Hobby
mr zhous dumplings auckland nz,Food/Restauraunt
mt eden pharmacy auckland nz,Health/Chemist
mud pie deli auckland nz,Food/Cafe
muffin break lynn mall auckland nz,Food/Cafe
nam nam harbour auckland nz,Food/Takeaways
nando's auckland nz,Food/Restauraunt
nandos botany auckland nz,Food/Restauraunt
netflix,Entertainment
new balance *1102 auckland nz,Personal/Clothing
new world,Food/Groceries
noel leeming auckland nz,House/Misc
nomad restaurant auckland nz,Food/Restauraunt
noodle canteen auckland nz,Food/Takeaways
north shore hospice,Personal/Clothing
north western toyota new lynn nz,Transport/Car
nz artisan auckland nz,Personal/Gifts
nz fudge farm,Personal/Gifts
nz transport agency,Transport/Car
nz uniforms new lynn nz,Education/Uniforms
o bowl new lynn auckland nz,Food/Takeaways
oceanz seafood westgat auckland nz,Food/Groceries
oji sushi harbour eats auckland nz,Food/Takeaways
om star convenience st auckland nz,Food/Dairy
online payment - thank you,Payment
orcon takapuna nz,Personal/Phone
orconinternet,House/Utilities
pacific foodmart auckland nz,Food/Dairy
pagani new lynn auckland nz,Personal/Clothing
pak n save,Food/Groceries
paper moon mairangi,Food/Cafe
parua bay tavern whangarei nz,Food/Restauraunt
pasadena dairy point chevali nz,Food/Dairy
passa.passa nz limit auckland nz,Food/Takeaways
pasta masta auckland nz,Food/Takeaways
paypal *codebergev,House/IT
paypal *core elec,House/IT
paypal *dlishperfum,Personal/Gifts
paypal *dlishperfum 4029357733 sg,Personal/Gifts
paypal *ebay,Personal/Gifts
paypal *fisag ltd 4029357733 sg,Misc
paypal *gog,Personal/Hobby
paypal *gumroad,Personal/Hobby
paypal *kiwifil,Personal/Hobby
paypal *lcsceles74u 4029357733 hk,Misc
paypal *pimoroniltd,Personal/Hobby
paypal *prusadevelo 35314369001 cz,Personal/Hobby
paypal *raspberrypi,Personal/Hobby
paypal *signal,Charity/International
paypal *waves8d2q 4029357733 hk,Personal/Hobby
paypal *wikipedia,Charity/International
pb tech online,House/IT
pgg wrightson,Personal/Clothing
pimarn thai rathbone st w nz,Food/Restauraunt
pink bin,House/Maintenance
pita pit,Food/Takeaways
pizza hut,Food/Takeaways
platypus,Personal/Clothing
point chev beach cafe auckland nz,Food/Cafe
point chev fresh point chevali nz,Food/Groceries
point superette,Food/Dairy
poke house,Food/Cafe
pp*humblebundl humbleb 4029357733 ca,Personal/Hobby
professionail st lukes auckland nz,Personal/Nails
pt chev fresh point chevali nz,Food/Groceries
pt chev organic wine auckland nz,Food/Groceries
pt chevalier takeaways,Food/Takeaways
ptchev beachcafe auckland nz,Food/Cafe
rainbows end manukau nz,Entertainment
raspberry pi cambridge,Charity/International
reading cinemas,Entertainment
remark-it solutions,House/IT
riru fanshawe,Food/Cafe
riverside cafe whangarei nz,Food/Cafe
roberts superette,Food/Dairy
rolls of vietnam auckland nz,Food/Takeaways
sal's pizza,Food/Takeaways
sals pizza new lynn new lynn nz,Food/Cafe
salt cafe auckland cent nz,Food/Cafe
salvation army,Personal/Clothing
samosa fundraiser auckland nz,Charity/Local
savemart new lynn new lynn nz,Personal/Clothing
seoulmate auckland nz,Food/Takeaways
settebello new lynn nz,Food/Restauraunt
shamiana st lukes auckland nz,Food/Takeaways
shein.com,Personal/Clothing
skinny mobile,Personal/Phone
smart sushi,Food/Takeaways
smoking shack,Food/Restauraunt
smz*bakers delight,Food/Bakery
smz*christmas,Personal/Gifts
snowplanet auckland nz,Entertainment
sofitel auckland auckland nz,Food/Restauraunt
sp bits4bots,Personal/Hobby
sp culleys,Food/Groceries
sp huski pukekohe nz,Personal/Gifts
sp igadgetnz auckland nz,Personal/Phone
sp jansport nz auckland nz,Personal/Clothing
sp mr. henry cherries,Food/Groceries
sp nuphy nuphy.com tx,House/IT
sp nuzest,Food/Groceries
sp online vet store,Pets/Food
sp pimoroni ltd london,Personal/Hobby
sp purebowl,Pets/Food
sp ruby rain,Personal/Clothing
sp tech supply shed auckland nz,House/IT
sp tkc outlet st pauls au,Personal/Clothing
sp varsity,Personal/Clothing
spca op shop,Personal/Clothing
specsavers new lynn auckland nz,Personal/Glasses
spectra cafe auckland nz,Food/Cafe
spice world ltd avondale nz,Food/Groceries
spotlight,Personal/Hobby
st pierre's,Food/Takeaways
starbuck,Food/Cafe
steam purchase seattle de,Personal/Hobby
steamgames.com 4259522 912-1844160 wa,Personal/Hobby
stevens st lukes auckland nz,House/Misc
stolen summer auckland,Food/Cafe
storage box new lynn auckland nz,House/Misc
sunny mart auckland nz,Food/Groceries
super liquor,Food/Groceries
sushi donburi auckland nz,Food/Takeaways
sushi tomi auckland nz,Food/Takeaways
sweat shop brew kitche auckland nz,Food/Cafe
sweet chilli @ pt chev auckland nz,Food/Restauraunt
swimart henderson,House/Maintenance
t d little dental avondale nz,Personal/Dentist
tai ping new lynn auckland nz,Food/Groceries
tai ping newmarket auckland nz,Food/Groceries
tb brickworks,Food/Takeaways
tb westgate 112 auckland nz,Food/Takeaways
texas chicken,Food/Takeaways
texas chicken,Food/Takeaways
tf* gourmetwok,Food/Restauraunt
tf* ptchevalierchinese,Food/Takeaways
the 8.55 to cairo,Food/Restauraunt
the breakfast club auckland nz,Food/Restauraunt
the greek house auckland nz,Food/Restauraunt
the liquor store auckland nz,Food/Groceries
the master&margherita auckland nz,Food/Restauraunt
the push-up challenge,Charity/Local
the salvation army whangarei nz,Personal/Clothing
the warehouse,House/Misc
the warehouse 208 west auckland nz,House/Misc
the wharf auckland nz,Food/Restauraunt
tony's tyre service lt whangarei nz,Transport/Car
torpedo7 westgate auckland nz,Transport/Bicycle
tracey hand,Education
trademe,Misc
trademe hwr0 ping wellington nz,House/Misc
tuck shop auckland nz,Food/Bakery
tui crescent food,Food/Takeaways
turkish kebab auckland nz,Food/Takeaways
typo 9717 9717 - north westgate nz,Personal/Gifts
typo 9722 lynn mall,Personal/Gifts
uber*,Transport/Rideshare
unichem point chevalie auckland nz,Health/Chemist
up2ten auckland nz,Personal/Gifts
valet nails auckland nz,Personal/Nails
victoria superette,Food/Dairy
vital health company auckland nz,Food/Groceries
waipu tyres and automo waipu nz,Transport/Car
warehouse stationery,Education
waterview coffee,Food/Cafe
waterview laundromat auckland nz,Food/Dairy
waterview superette auckland nz,Food/Dairy
wendys,Food/Takeaways
west auckland hospice,Charity/Local
west auckland hospice new lynn nz,Charity/Local
weta unleashed auckland nz,Personal/Gifts
whanau and friends,Charity/Local
whangarei dargaville whangarei nz,Food/Dairy
whangarei district cou whangarei nz,Misc
whitcoulls,Personal/Gifts
wicked chicken,Food/Takeaways
wine villa kelston auckland nz,Food/Groceries
woolworths,Food/Groceries
world trading limited auckland nz,Personal/Hobby
www.aliexpress.com www.aliexpres gb,Personal/Hobby
www.chemistwarehouse,Health/Chemist
www.phoronix.com,House/IT
www.wonkybox.nz,Food/Groceries
yorkshire roasts auckland nz,Food/Takeaways
yoyoso,House/Misc
z avondale,Transport/Petrol
z kensington,Transport/Petrol
zebrano,Personal/Clothing
